nombre,documento,carrera,correo,telefono,timestamp,identificador
test2,test,test,test,,2025-03-11 20:38:42
test2,test,test,test,test,2025-03-11 20:41:31
test2,test,test,test,test,2025-03-11 20:42:34
test2,test,test,test,test,2025-03-11 20:50:00
test2,test,test,test,test,2025-03-11 20:51:27,test2_test
test2,test,test,test,test,2025-03-11 20:51:30,test2_test
test2,test,test,test,test,2025-03-11 20:51:33,test2_test
test2,test,test,test,test,2025-03-11 20:51:34,test2_test
test2,test,test,test,test,2025-03-11 20:51:38,test2_test
test2,test,test,test,test,2025-03-11 20:51:39,test2_test
test2,test,test,test,test,2025-03-11 20:51:40,test2_test
test2,test,test,test,test,2025-03-11 20:51:42,
test2,test,test,test,test,2025-03-11 20:51:44,test2_test
test2,test,test,test,test,2025-03-11 20:51:45,test2_test
test2,test,test,test,test,2025-03-11 20:51:48,test2_test
test2,test,test,test,test,2025-03-11 20:52:32,test2_test
test2,test,test,test,test,2025-03-11 20:52:33,test2_test
test2,test,test,test,test,2025-03-11 20:52:35,test2_test
test2,test,test,test,test,2025-03-11 20:52:36,test2_test
test2,test,test,test,test,2025-03-11 20:52:38,test2_test
test2,test,test,test,test,2025-03-11 20:52:39,test2_test
test2,test,test,test,test,2025-03-11 20:52:41,test2_test
test2,test,test,test,test,2025-03-11 20:55:17,test2_test
test2,test,test,test,test,2025-03-11 20:55:19,test2_test
test2,test,test,test,test,2025-03-11 20:55:20,test2_test
test2,test,test,test,test,2025-03-11 20:55:23,test2_test
test2,test,test,test,test,2025-03-11 20:55:25,test2_test
test2,test,test,test,test,2025-03-11 20:55:27,test2_test
test2,test,test,test,test,2025-03-11 20:55:29,test2_test
test2,test,test,test,test,2025-03-11 20:55:31,test2_test
test2,test,test,test,test,2025-03-11 20:57:41,test2_test
test2,test,test,test,test,2025-03-11 20:58:19,test2_test
